,City,Lat,Lng,Max Temp,Humidity,Cloudiness,Wind Speed,Country,Current Description
0,Neepawa,50.2289,-99.4664,36.0,83,100,24.94,CA,overcast clouds
1,Portland,45.5234,-122.6762,55.38,94,75,3.0,US,mist
2,Bredasdorp,-34.5322,20.0403,63.28,68,94,12.39,ZA,overcast clouds
3,Yulara,-25.2406,130.9889,84.04,17,0,10.36,AU,clear sky
4,Punta Arenas,-53.15,-70.9167,55.51,41,40,16.11,CL,scattered clouds
5,Provideniya,64.3833,-173.3,-3.48,66,0,5.03,RU,clear sky
6,Saldanha,-33.0117,17.9442,62.42,77,49,24.67,ZA,scattered clouds
7,Kruisfontein,-34.0033,24.7314,71.89,84,6,6.69,ZA,light rain
8,Puerto Ayora,-0.7393,-90.3518,76.96,76,78,8.86,EC,broken clouds
9,South Daytona,29.1658,-81.0045,77.09,55,20,6.91,US,few clouds
10,Port Blair,11.6667,92.75,80.24,84,100,22.53,IN,moderate rain
11,Isangel,-19.55,169.2667,78.13,85,55,10.78,VU,broken clouds
12,Busselton,-33.65,115.3333,51.08,88,0,9.4,AU,clear sky
13,Dhidhdhoo,6.8833,73.1,82.33,77,15,8.25,MV,few clouds
14,Port Elizabeth,-33.918,25.5701,74.1,73,0,16.11,ZA,clear sky
15,Biloela,-24.4167,150.5,71.56,87,0,3.38,AU,clear sky
16,Chlorakas,34.8042,32.4083,61.68,51,90,23.02,CY,overcast clouds
17,Svobodnyy,51.4,128.1333,-8.63,97,35,3.53,RU,scattered clouds
18,Sulangan,11.1373,123.7228,81.32,82,100,10.22,PH,overcast clouds
19,Torbay,47.6666,-52.7314,42.76,70,75,14.97,CA,broken clouds
20,Susanville,40.4163,-120.653,26.11,59,10,2.77,US,clear sky
21,Naze,28.3667,129.4833,56.43,71,99,18.16,JP,overcast clouds
22,Platteville,42.7342,-90.4785,49.14,87,1,16.11,US,clear sky
23,Mubende,0.5606,31.39,64.69,82,98,1.39,UG,overcast clouds
24,Mount Gambier,-37.8333,140.7667,55.31,100,90,8.05,AU,overcast clouds
25,Geraldton,-28.7667,114.6,63.01,67,90,16.11,AU,overcast clouds
26,Hermanus,-34.4187,19.2345,64.9,73,85,13.4,ZA,overcast clouds
27,Tiksi,71.6872,128.8694,-24.39,99,98,5.39,RU,overcast clouds
28,Kabompo,-13.5927,24.2008,78.66,39,100,4.34,ZM,overcast clouds
29,Conceicao Da Barra,-18.5933,-39.7322,79.99,86,100,1.74,BR,overcast clouds
30,Perth,-31.9333,115.8333,60.67,76,0,11.5,AU,clear sky
31,Rikitea,-23.1203,-134.9692,76.03,70,1,19.3,PF,clear sky
32,Pran Buri,12.3847,99.9098,81.99,52,91,13.15,TH,overcast clouds
33,Mataura,-46.1927,168.8643,49.48,99,26,2.15,NZ,scattered clouds
34,Seguela,7.9611,-6.6731,91.94,34,79,2.19,CI,broken clouds
35,Vaini,-21.2,-175.2,75.36,88,75,9.22,TO,broken clouds
36,Jieshi,22.8134,115.8257,57.38,48,11,10.85,CN,few clouds
37,Richards Bay,-28.783,32.0377,75.83,79,4,12.35,ZA,clear sky
38,Krasnoselkup,65.7,82.4667,-1.91,95,100,14.79,RU,overcast clouds
39,Banda Aceh,5.5577,95.3222,78.66,82,52,10.04,ID,broken clouds
40,Taikang,46.8333,124.4167,16.16,83,86,14.07,CN,overcast clouds
41,Norman Wells,65.282,-126.8329,-25.56,68,75,6.91,CA,light snow
42,Tuktoyaktuk,69.4541,-133.0374,-27.4,68,1,2.3,CA,clear sky
43,Hilo,19.7297,-155.09,74.28,88,75,0.0,US,broken clouds
44,Arraial Do Cabo,-22.9661,-42.0278,82.36,78,20,11.5,BR,few clouds
45,Qaanaaq,77.484,-69.3632,9.82,84,100,4.12,GL,overcast clouds
46,Akhtanizovskaya,45.32,37.1,43.27,73,99,19.73,RU,overcast clouds
47,Evensk,61.95,159.2333,-12.15,81,94,10.33,RU,overcast clouds
48,Kapaa,22.0752,-159.319,77.32,84,40,1.99,US,light rain
49,Vermilion,40.1667,-87.7506,47.57,91,75,10.0,US,broken clouds
50,Hami,42.8,93.45,26.46,58,3,2.37,CN,clear sky
51,Matay,28.419,30.7792,66.11,48,95,13.13,EG,overcast clouds
52,Aasiaat,68.7098,-52.8699,27.88,79,100,11.1,GL,overcast clouds
53,Upernavik,72.7868,-56.1549,22.08,67,100,4.56,GL,overcast clouds
54,Mahibadhoo,3.7833,72.9667,82.2,78,48,7.83,MV,scattered clouds
55,Albany,42.6001,-73.9662,43.09,69,99,1.99,US,overcast clouds
56,Saint-Philippe,-21.3585,55.7679,76.59,74,8,10.8,RE,clear sky
57,Alice Springs,-23.7,133.8833,67.55,56,0,0.0,AU,clear sky
58,Labuan,5.2767,115.2417,80.11,88,20,1.01,MY,few clouds
59,Itarema,-2.9248,-39.9167,88.75,57,76,15.5,BR,broken clouds
60,Cabedelo,-6.9811,-34.8339,88.47,61,67,12.66,BR,broken clouds
61,Mahebourg,-20.4081,57.7,79.09,78,75,8.05,MU,light rain
62,Seoul,37.5683,126.9778,29.64,68,0,1.14,KR,clear sky
63,Atuona,-9.8,-139.0333,78.4,78,35,23.64,PF,light rain
64,Kiama,-34.6833,150.8667,65.68,88,4,5.75,AU,clear sky
65,Chirongui,-12.9319,45.1483,80.53,71,9,1.5,YT,clear sky
66,Kaeo,-35.1,173.7833,61.32,93,100,2.93,NZ,overcast clouds
67,Yellowknife,62.456,-114.3525,-7.58,88,90,3.0,CA,mist
68,Laguna,38.421,-121.4238,68.02,94,1,0.0,US,mist
69,Ushuaia,-54.8,-68.3,53.22,50,75,12.66,AR,broken clouds
70,Les Cayes,18.2,-73.75,85.39,60,30,3.62,HT,scattered clouds
71,Road Town,18.4167,-64.6167,84.29,65,40,10.36,VG,scattered clouds
72,Umred,20.85,79.3333,64.69,45,27,4.27,IN,scattered clouds
73,Xingcheng,40.6167,120.7167,33.01,46,0,10.18,CN,clear sky
74,Shingu,33.7333,135.9833,42.48,63,6,12.33,JP,clear sky
75,Luwingu,-10.2621,29.9271,73.49,46,56,2.57,ZM,broken clouds
76,Maragogi,-9.0122,-35.2225,84.97,57,86,12.46,BR,overcast clouds
77,Kedrovyy,56.1667,91.8167,28.81,83,100,6.46,RU,overcast clouds
78,Pevek,69.7008,170.3133,-3.15,96,100,7.72,RU,light snow
79,Guilin,25.2819,110.2864,44.71,59,33,4.74,CN,scattered clouds
80,Chimbote,-9.0853,-78.5783,71.4,72,82,9.95,PE,broken clouds
81,Kontagora,10.3999,5.4695,87.91,16,98,3.53,NG,overcast clouds
82,Cape Town,-33.9258,18.4232,67.08,58,20,25.32,ZA,few clouds
83,Mar Del Plata,-38.0023,-57.5575,64.42,81,0,13.0,AR,clear sky
84,Mount Isa,-20.7333,139.5,80.37,19,1,6.91,AU,light rain
85,Chase,50.8165,-119.6857,63.48,79,100,9.62,CA,overcast clouds
86,Fortuna,40.5982,-124.1573,47.32,100,1,10.36,US,clear sky
87,Yarada,17.65,83.2667,75.52,69,20,4.61,IN,haze
88,Sorland,67.667,12.6934,31.86,63,88,17.65,NO,overcast clouds
89,Kazachinskoye,57.6953,93.2761,21.79,86,100,6.49,RU,overcast clouds
90,Thompson,55.7435,-97.8558,-0.24,85,90,13.8,CA,light snow
91,Vila Franca Do Campo,37.7167,-25.4333,69.19,77,73,9.71,PT,broken clouds
92,Severo-Kurilsk,50.6789,156.125,43.2,94,100,36.48,RU,heavy intensity rain
93,Tasiilaq,65.6145,-37.6368,20.64,94,100,26.02,GL,snow
94,Yerkoy,39.6381,34.4672,41.18,54,66,8.88,TR,broken clouds
95,Bambous Virieux,-20.3428,57.7575,79.05,78,75,8.05,MU,light rain
96,Port Keats,-14.25,129.55,84.43,75,100,10.45,AU,overcast clouds
97,Dikson,73.5069,80.5464,-8.41,97,100,16.08,RU,overcast clouds
98,Calafell,41.2,1.5683,57.79,70,100,1.01,ES,overcast clouds
99,Klaksvik,62.2266,-6.589,31.12,70,100,33.49,FO,light snow
100,Mananjary,-21.2167,48.3333,77.45,83,59,9.04,MG,broken clouds
101,Kavieng,-2.5744,150.7967,82.02,72,36,7.99,PG,scattered clouds
102,Qui Nhon,13.7667,109.2333,72.63,78,83,18.41,VN,broken clouds
103,Nikolskoye,59.7035,30.7861,19.29,92,76,5.75,RU,broken clouds
104,Sao Filipe,14.8961,-24.4956,75.06,66,100,12.59,CV,overcast clouds
105,Kutahya,39.4242,29.9833,34.77,78,44,6.22,TR,scattered clouds
106,Ilhabela,-23.7781,-45.3581,77.94,77,52,5.26,BR,broken clouds
107,Maniitsoq,65.4167,-52.9,35.76,91,100,34.72,GL,light rain
108,Ryotsu,38.0833,138.4333,40.62,70,100,30.78,JP,light rain
109,Aklavik,68.2191,-135.0107,-23.8,69,90,5.75,CA,overcast clouds
110,Maarianhamina,60.0973,19.9348,21.06,86,20,1.14,AX,few clouds
111,Tuatapere,-46.1333,167.6833,49.82,93,5,2.26,NZ,clear sky
112,Airai,-8.9266,125.4092,61.86,88,98,1.16,TL,overcast clouds
113,Dunedin,-45.8742,170.5036,55.0,94,84,8.81,NZ,broken clouds
114,Chauk,20.8833,94.8167,70.23,77,26,4.97,MM,scattered clouds
115,Hithadhoo,-0.6,73.0833,82.15,72,100,2.26,MV,overcast clouds
116,Nha Trang,12.25,109.1833,77.0,85,88,12.21,VN,overcast clouds
117,Sotouboua,8.5667,0.9833,89.37,18,95,4.12,TG,overcast clouds
118,Bluff,-46.6,168.3333,49.8,91,11,3.47,NZ,few clouds
119,Broken Hill,-31.95,141.4333,74.91,43,45,12.66,AU,scattered clouds
120,Asau,46.4333,26.4,35.76,83,73,5.95,RO,broken clouds
121,Castro,-24.7911,-50.0119,83.59,33,0,3.85,BR,clear sky
122,Olinda,-8.0089,-34.8553,87.53,58,40,9.22,BR,scattered clouds
123,Jamestown,42.097,-79.2353,40.59,70,100,8.01,US,overcast clouds
124,Parati,-23.2178,-44.7131,94.1,85,50,4.38,BR,scattered clouds
125,Codrington,-38.2667,141.9667,54.91,96,1,1.68,AU,clear sky
126,Zeya,53.75,127.2667,4.89,72,96,2.68,RU,overcast clouds
127,Hambantota,6.1241,81.1185,77.65,81,5,5.59,LK,clear sky
128,Hasaki,35.7333,140.8333,50.4,48,19,14.7,JP,few clouds
129,Sokolo,14.7328,-6.1219,94.12,6,30,6.89,ML,scattered clouds
130,Sharan,54.8167,54.0,35.76,98,100,13.0,RU,overcast clouds
131,Mitu,1.1983,-70.1733,87.39,58,73,5.86,CO,broken clouds
132,Erenhot,43.6475,111.9767,22.6,58,5,15.82,CN,clear sky
133,Mugur-Aksy,50.35,90.5,7.77,42,1,6.64,RU,clear sky
134,Carnarvon,-24.8667,113.6333,69.87,78,75,20.71,AU,broken clouds
135,Kristiinankaupunki,62.2743,21.376,21.76,75,26,4.41,FI,scattered clouds
136,Mehamn,71.0357,27.8492,33.71,69,75,24.16,NO,light snow
137,Borujerd,33.8973,48.7516,50.27,47,83,9.15,IR,broken clouds
138,Lebu,-37.6167,-73.65,59.85,64,100,6.13,CL,overcast clouds
139,Coquimbo,-29.9533,-71.3436,64.13,67,0,12.66,CL,clear sky
140,Oksfjord,70.2396,22.3479,31.12,76,100,31.07,NO,snow
141,Ocos,14.5094,-92.1933,91.31,60,1,3.24,GT,clear sky
142,Faanui,-16.4833,-151.75,80.91,76,100,21.5,PF,light rain
143,Dong Hoi,17.4833,106.6,67.01,70,99,11.86,VN,overcast clouds
144,Nabinagar,23.8917,90.9733,77.07,61,11,5.32,BD,few clouds
145,Avarua,-21.2078,-159.775,77.05,94,75,10.36,CK,light rain
146,Bondo,3.8146,23.6866,75.72,76,99,1.54,CD,overcast clouds
147,Sakakah,29.9697,40.2064,67.57,53,100,6.46,SA,overcast clouds
148,Cap-Aux-Meules,47.3821,-61.8597,32.05,64,75,13.8,CA,light shower snow
149,Yanam,16.7333,82.2167,81.0,68,1,5.41,IN,clear sky
150,San Quintin,30.4833,-115.95,68.76,53,0,2.33,MX,clear sky
151,Sillamae,59.3997,27.7547,26.15,77,100,11.92,EE,overcast clouds
152,Aswan,24.0934,32.907,78.1,27,0,18.41,EG,clear sky
153,Georgetown,5.4112,100.3354,80.89,92,20,1.99,MY,moderate rain
154,Kavaratti,10.5669,72.642,81.63,79,56,12.48,IN,broken clouds
155,Maues,-3.3836,-57.7186,92.48,51,92,1.03,BR,overcast clouds
156,Tevaitoa,-16.7833,-151.5,81.34,76,100,23.58,PF,overcast clouds
157,Okotoks,50.7289,-113.9828,41.09,68,91,1.01,CA,overcast clouds
158,Saskylakh,71.9167,114.0833,-33.38,99,100,1.52,RU,overcast clouds
159,Raudeberg,61.9875,5.1352,29.19,75,100,12.57,NO,overcast clouds
160,Chokurdakh,70.6333,147.9167,-22.41,100,97,7.78,RU,overcast clouds
161,Bengkulu,-3.8004,102.2655,74.91,87,65,3.62,ID,broken clouds
162,Luebo,-5.35,21.4167,71.64,96,95,2.1,CD,overcast clouds
163,Maryborough,-25.5333,152.7,73.11,98,10,4.59,AU,clear sky
164,Longyearbyen,78.2186,15.6401,4.84,72,20,3.44,SJ,few clouds
165,Palomares,17.15,-95.0667,74.12,80,97,8.1,MX,overcast clouds
166,Lokosovo,61.1333,74.8167,32.07,95,100,10.18,RU,overcast clouds
167,Port Alfred,-33.5906,26.891,69.6,83,61,21.21,ZA,broken clouds
168,Khandyga,62.6667,135.6,-33.81,97,21,2.15,RU,few clouds
169,Butaritari,3.0707,172.7902,81.18,76,80,9.51,KI,broken clouds
170,Cabo San Lucas,22.8909,-109.9124,81.52,64,11,1.01,MX,few clouds
171,Namibe,-15.1961,12.1522,71.49,75,47,6.26,AO,scattered clouds
172,Teya,60.3778,92.6267,12.88,95,100,4.72,RU,light snow
173,Zhicheng,30.2956,111.5047,45.93,40,2,2.53,CN,clear sky
174,Solnechnyy,50.7214,136.6319,10.99,88,100,21.74,RU,snow
175,Sidi Ali,36.0998,0.4206,55.09,77,1,12.48,DZ,clear sky
176,Saint-Francois,46.4154,3.9054,48.47,78,75,5.75,FR,broken clouds
177,Sumbawanga,-7.9667,31.6167,78.6,33,20,6.91,TZ,light rain
178,Chuy,-33.6971,-53.4616,69.87,51,54,10.71,UY,broken clouds
179,Camacha,33.0833,-16.3333,64.53,63,20,10.36,PT,few clouds
180,Dolores,-36.3132,-57.6792,72.48,35,100,13.18,AR,overcast clouds
181,Alofi,-19.0595,-169.9187,76.89,88,15,10.36,NU,moderate rain
182,Kipini,-2.5257,40.5262,82.69,78,96,10.65,KE,light rain
183,Omboue,-1.5746,9.2618,78.39,86,83,10.09,GA,moderate rain
184,Luderitz,-26.6481,15.1594,67.87,62,0,25.3,NA,clear sky
185,Soignies,50.579,4.0713,46.08,89,90,5.99,BE,overcast clouds
186,Merauke,-8.4667,140.3333,80.53,82,100,2.51,ID,moderate rain
187,Hobart,-42.8794,147.3294,61.02,82,90,4.61,AU,overcast clouds
188,Lasa,46.6166,10.7002,39.94,98,89,4.05,IT,overcast clouds
189,Biak,-0.9131,122.8766,77.36,79,100,1.52,ID,overcast clouds
190,Sitka,57.0531,-135.33,36.52,92,100,7.27,US,light rain
191,Pangnirtung,66.1451,-65.7125,15.8,86,90,10.36,CA,light snow
192,New Norfolk,-42.7826,147.0587,60.66,72,97,1.01,AU,overcast clouds
193,Kodiak,57.79,-152.4072,15.57,79,100,15.41,US,overcast clouds
194,Atambua,-9.1061,124.8925,75.72,83,87,1.86,ID,overcast clouds
195,Souillac,-20.5167,57.5167,79.18,78,75,8.05,MU,light rain
196,Portobelo,9.55,-79.65,77.86,89,100,12.21,PA,overcast clouds
197,Narrabri,-30.3167,149.7833,68.09,83,0,11.5,AU,clear sky
198,Ponta Delgada,37.7333,-25.6667,69.49,72,40,11.5,PT,scattered clouds
199,Tazovskiy,67.4667,78.7,-15.52,96,86,9.98,RU,overcast clouds
200,Qaqortoq,60.7167,-46.0333,33.62,96,93,34.65,GL,light rain
201,Shimanovsk,52.0,127.7,0.99,86,64,3.13,RU,broken clouds
202,Puerto Madryn,-42.7692,-65.0385,79.5,27,56,6.11,AR,broken clouds
203,Hanna,51.6334,-111.9018,42.44,85,100,8.99,CA,overcast clouds
204,Bezhta,42.1338,46.1283,34.59,98,100,6.89,RU,moderate rain
205,Srednekolymsk,67.45,153.6833,-27.76,100,96,6.6,RU,overcast clouds
206,Chapais,49.7834,-74.8492,11.98,84,100,11.83,CA,overcast clouds
207,Khatanga,71.9667,102.5,-30.59,99,99,3.89,RU,overcast clouds
208,Basoko,1.2391,23.616,76.91,81,98,2.82,CD,overcast clouds
209,Lata,40.1629,-8.3327,54.91,91,100,8.79,PT,overcast clouds
210,Hammerfest,70.6634,23.6821,30.65,74,75,27.63,NO,light shower snow
211,Ilulissat,69.2167,-51.1,35.04,97,100,6.31,GL,moderate rain
212,Victoria,22.2855,114.1577,64.38,41,43,1.01,HK,scattered clouds
213,Sangar,63.9242,127.4739,-22.31,94,95,3.83,RU,overcast clouds
214,Burnie,-41.0667,145.9167,57.74,88,13,7.78,AU,few clouds
215,Otane,-39.8833,176.6333,57.0,97,92,0.69,NZ,overcast clouds
216,Pafos,34.7667,32.4167,62.38,51,90,23.02,CY,overcast clouds
217,Svetlyy,54.675,20.1347,32.05,97,100,19.86,RU,light snow
218,Faya,18.3851,42.4509,59.11,32,0,2.48,SA,clear sky
219,Rio Gallegos,-51.6226,-69.2181,57.25,30,75,16.11,AR,broken clouds
220,Yeppoon,-23.1333,150.7333,73.18,86,0,2.84,AU,clear sky
221,San Juan,-31.5375,-68.5364,85.28,28,0,3.96,AR,clear sky
222,Kaitangata,-46.2817,169.8464,53.92,92,37,3.24,NZ,scattered clouds
223,Karratha,-20.7377,116.8463,86.52,33,6,15.01,AU,clear sky
224,Garden City,42.3256,-83.331,40.14,73,100,6.76,US,overcast clouds
225,Kemin,42.7846,75.6892,36.23,49,0,7.76,KG,clear sky
226,Valdivia,-39.8142,-73.2459,59.09,58,99,7.09,CL,light rain
227,Shirgaon,19.7,72.7,66.79,96,100,16.96,IN,heavy intensity rain
228,Raduzhnyy,62.0961,77.475,30.99,96,100,10.11,RU,overcast clouds
229,Loa Janan,-0.583,117.095,74.25,94,92,1.95,ID,overcast clouds
230,Lianzhou,24.7811,112.3825,44.55,69,47,3.49,CN,scattered clouds
231,Linkoping,58.4109,15.6216,20.59,93,90,5.75,SE,overcast clouds
232,Miracema Do Tocantins,-9.5618,-48.3967,87.26,64,100,4.79,BR,overcast clouds
233,Bulgan,48.8125,103.5347,18.68,68,100,5.82,MN,overcast clouds
234,Angoche,-16.2325,39.9086,81.0,83,1,13.2,MZ,clear sky
235,Rio Grande,-32.035,-52.0986,73.51,62,48,12.3,BR,scattered clouds
236,Ponta Do Sol,32.6667,-17.1,69.71,63,24,7.54,PT,few clouds
237,Cidreira,-30.1811,-50.2056,69.98,69,71,13.67,BR,broken clouds
238,Coihaique,-45.5752,-72.0662,61.41,51,90,5.75,CL,moderate rain
239,Kota Tinggi,1.7381,103.8999,84.29,90,88,3.83,MY,overcast clouds
240,Baracoa,20.3467,-74.4958,81.9,66,62,9.22,CU,broken clouds
241,Mayo,38.8876,-76.5119,57.74,60,6,5.99,US,clear sky
242,Wajir,1.7471,40.0573,85.96,48,0,0.0,KE,clear sky
243,Ancud,-41.8697,-73.8203,54.93,77,100,13.47,CL,overcast clouds
244,Marawi,7.9986,124.2928,68.65,88,100,1.45,PH,overcast clouds
245,Baker City,44.7749,-117.8344,56.64,100,1,0.0,US,mist
246,Jalu,29.0331,21.5482,61.25,51,76,8.28,LY,broken clouds
247,Lompoc,34.6391,-120.4579,85.14,37,1,8.05,US,clear sky
248,Agadez,19.75,10.25,72.72,18,51,7.45,NE,broken clouds
249,Jaciara,-15.9653,-54.9683,84.2,73,89,3.02,BR,overcast clouds
250,Batagay-Alyta,67.8006,130.4114,-38.02,98,47,4.47,RU,scattered clouds
251,Flinders,-34.5833,150.8552,65.48,86,3,1.01,AU,clear sky
252,Muravlenko,63.7898,74.523,12.74,96,100,4.85,RU,overcast clouds
253,Huaicheng,23.9051,112.1931,46.9,57,68,2.26,CN,broken clouds
254,Matara,5.9485,80.5353,76.73,88,76,3.65,LK,broken clouds
255,Freeport,40.6576,-73.5832,50.11,47,91,5.99,US,overcast clouds
256,Maun,-19.9833,23.4167,73.36,94,75,9.22,BW,thunderstorm
257,Egvekinot,66.3167,-179.1667,-9.29,71,92,6.46,RU,overcast clouds
258,Poya,-21.35,165.15,77.72,87,7,4.94,NC,clear sky
259,East London,-33.0153,27.9116,70.74,78,20,16.11,ZA,few clouds
260,Tabuan,9.5156,122.8506,74.79,93,100,1.57,PH,overcast clouds
261,Boa Vista,2.8197,-60.6733,87.78,55,75,12.66,BR,broken clouds
262,Iqaluit,63.7506,-68.5145,11.93,79,90,16.11,CA,light snow
263,Nanortalik,60.1432,-45.2371,33.91,97,99,35.54,GL,light rain
264,Awjilah,29.1081,21.2869,62.55,52,67,7.47,LY,broken clouds
265,Amga,60.8953,131.9608,-29.69,100,47,2.75,RU,scattered clouds
266,Noshiro,40.2039,140.0242,35.4,75,100,29.57,JP,light rain
267,La Ronge,55.1001,-105.2842,19.65,86,90,8.05,CA,light snow
268,Anapolis,-16.3267,-48.9528,82.0,61,75,4.61,BR,broken clouds
269,Henties Bay,-22.116,14.2845,64.85,81,3,13.15,NA,clear sky
270,Vitoria Da Conquista,-14.8661,-40.8394,80.91,62,60,4.34,BR,broken clouds
271,Fairbanks,64.8378,-147.7164,-3.69,78,90,0.0,US,light snow
272,Patacamaya,-17.2333,-67.9167,64.87,35,94,8.66,BO,light rain
273,Yinchuan,38.4681,106.2731,29.14,32,0,4.32,CN,clear sky
274,Sibolga,1.7427,98.7792,75.52,87,4,3.38,ID,clear sky
275,Barrow,71.2906,-156.7887,-20.31,98,42,8.57,US,scattered clouds
276,Vangaindrano,-23.35,47.6,74.71,92,75,7.52,MG,light rain
277,Acarau,-2.8856,-40.12,88.88,57,56,17.2,BR,broken clouds
278,Bathsheba,13.2167,-59.5167,86.61,70,40,21.85,BB,scattered clouds
279,Zimapan,20.75,-99.35,66.02,45,100,2.77,MX,overcast clouds
280,La Seyne-Sur-Mer,43.0982,5.8847,56.61,81,100,7.0,FR,overcast clouds
281,Bethel,41.3712,-73.414,48.09,57,100,3.0,US,overcast clouds
282,Santa Cruz,-17.8,-63.1667,86.05,58,40,13.8,BO,scattered clouds
283,Palora,-1.7,-77.9333,82.51,49,88,5.32,EC,overcast clouds
284,Vadso,70.0744,29.7487,33.75,69,75,36.82,NO,light snow
285,Nuuk,64.1835,-51.7216,36.88,86,99,38.01,GL,overcast clouds
286,Jumla,29.2747,82.1838,50.95,33,99,3.49,NP,overcast clouds
287,Yerbogachen,61.2767,108.0108,-13.97,99,78,4.14,RU,broken clouds
288,Lerwick,60.1545,-1.1494,35.6,73,94,28.1,GB,overcast clouds
289,Carutapera,-1.195,-46.02,89.76,52,53,11.16,BR,broken clouds
290,Katsuura,35.1333,140.3,51.12,62,25,5.23,JP,scattered clouds
291,Oxelosund,58.6706,17.1015,21.13,93,75,4.61,SE,broken clouds
292,Middelburg,-25.7751,29.4648,63.23,90,75,23.13,ZA,light rain
293,Te Anau,-45.4167,167.7167,52.74,91,51,0.27,NZ,broken clouds
294,Derzhavinsk,51.1,66.3167,33.48,70,100,15.73,KZ,overcast clouds
295,Sola,-13.8833,167.55,81.14,74,12,6.2,VU,few clouds
296,Sotnikovskoye,45.0039,43.7772,38.41,59,38,3.8,RU,scattered clouds
297,Quechultenango,17.4167,-99.2167,83.16,49,64,1.68,MX,broken clouds
298,Tautira,-17.7333,-149.15,82.42,79,93,20.47,PF,light rain
299,Andros Town,24.7,-77.7667,80.56,57,0,9.37,BS,clear sky
300,Altay,47.8667,88.1167,19.49,49,48,8.41,CN,scattered clouds
301,Sao Miguel Do Araguaia,-13.275,-50.1628,80.55,83,83,6.08,BR,moderate rain
302,Fuerte Olimpo,-21.0415,-57.8738,95.25,36,22,3.96,PY,few clouds
303,Rawson,-43.3002,-65.1023,74.82,27,71,9.57,AR,broken clouds
304,Ambovombe,-25.1667,46.0833,75.79,85,9,14.72,MG,clear sky
305,Banyuwangi,-8.2325,114.3576,75.36,93,100,1.7,ID,overcast clouds
306,Te Karaka,-38.4654,177.8679,57.43,99,99,1.12,NZ,overcast clouds
307,San Martin,-33.081,-68.4681,77.54,34,0,4.14,AR,clear sky
308,Marsaxlokk,35.8419,14.5431,60.08,72,20,9.22,MT,few clouds
309,Saurimo,-9.6608,20.3916,68.77,92,97,2.75,AO,moderate rain
310,Belyye Berega,53.2085,34.6641,28.58,78,88,9.98,RU,overcast clouds
311,Benalla,-36.55,145.9833,62.35,83,97,4.76,AU,overcast clouds
312,College,64.8569,-147.8028,-2.54,78,90,0.0,US,light snow
313,Lar,26.2039,83.9717,68.02,40,95,1.81,IN,overcast clouds
314,Kununurra,-15.7667,128.7333,78.78,78,20,0.0,AU,few clouds
315,Kafue,-15.7691,28.1814,85.19,23,11,10.8,ZM,few clouds
316,Leningradskiy,69.3833,178.4167,-24.45,93,74,8.1,RU,broken clouds
317,Sioux Lookout,50.1001,-91.917,24.87,93,90,5.75,CA,light snow
318,Menongue,-14.6585,17.691,73.26,57,93,3.78,AO,overcast clouds
319,Port Lincoln,-34.7333,135.8667,57.96,82,69,12.01,AU,broken clouds
320,Shenzhen,22.5455,114.0683,64.27,49,53,9.28,CN,broken clouds
321,Ketchikan,55.3422,-131.6461,39.76,89,100,10.22,US,overcast clouds
322,La Paz,-16.5,-68.15,60.78,54,75,4.61,BO,broken clouds
323,Whitehorse,60.7161,-135.0538,20.17,86,75,19.57,CA,broken clouds
324,Bokaro,23.7833,85.9667,64.09,50,6,4.34,IN,clear sky
325,Ondangwa,-17.9167,15.95,80.64,37,100,15.05,NA,overcast clouds
326,Husavik,66.0449,-17.3389,22.91,90,100,10.36,IS,overcast clouds
327,Bam,29.106,58.357,60.76,32,0,2.08,IR,clear sky
328,Cooma,-36.2333,149.1333,47.97,100,12,0.0,AU,few clouds
329,Ostrovnoy,68.0531,39.5131,24.84,81,100,35.61,RU,light snow
330,Santa Rosa,14.3122,121.1114,80.85,65,100,13.62,PH,overcast clouds
331,San Rafael Del Sur,11.8485,-86.4384,86.97,50,72,11.81,NI,broken clouds
332,Mitsamiouli,-11.3847,43.2844,82.69,69,20,8.05,KM,few clouds
333,Constitucion,-35.3333,-72.4167,63.25,63,75,13.98,CL,broken clouds
334,Alekseyevka,50.6309,38.6903,31.44,91,100,10.27,RU,overcast clouds
335,Makarov,48.6333,142.8,30.38,82,84,17.38,RU,light snow
336,Bubaque,11.2833,-15.8333,82.35,62,59,11.52,GW,broken clouds
337,Brigantine,39.4101,-74.3646,51.35,53,17,8.75,US,few clouds
338,Bagotville,-28.9833,153.4167,69.82,98,71,6.11,AU,broken clouds
339,Cruzilia,-21.8386,-44.8083,79.39,57,37,7.16,BR,scattered clouds
340,Ribeira Grande,38.5167,-28.7,66.6,72,75,3.44,PT,broken clouds
341,Diego De Almagro,-26.3667,-70.05,82.6,15,0,13.53,CL,clear sky
342,Katherine,-14.4667,132.2667,86.32,51,100,5.75,AU,overcast clouds
343,Saint-Pierre,-21.3393,55.4781,76.68,71,0,12.66,RE,clear sky
344,Batagay,67.6333,134.6333,-36.27,100,98,0.96,RU,overcast clouds
345,Narasannapeta,18.4167,84.05,69.4,68,4,7.36,IN,clear sky
346,Westport,41.1415,-73.3579,49.89,53,100,1.01,US,overcast clouds
347,Vardo,70.3705,31.1107,33.78,69,75,37.98,NO,broken clouds
348,Port-Gentil,-0.7193,8.7815,78.76,89,40,5.75,GA,thunderstorm
349,Windhoek,-22.5594,17.0832,91.89,11,0,10.36,NA,clear sky
350,San Jeronimo,-11.9472,-75.2829,61.79,52,100,1.01,PE,overcast clouds
351,Marzuq,14.4,46.4667,62.83,25,0,2.57,YE,clear sky
352,Nome,64.5011,-165.4064,-22.85,78,5,3.91,US,clear sky
353,Vieques,18.425,-65.8329,89.67,69,41,10.8,PR,scattered clouds
354,Sao Felix Do Xingu,-6.6447,-51.995,88.84,56,100,3.98,BR,light rain
355,Lavrentiya,65.5833,-171.0,-13.02,89,5,7.81,RU,clear sky
356,Truro,50.2653,-5.0544,47.59,76,75,29.93,GB,broken clouds
357,San Patricio,28.017,-97.5169,78.08,64,93,7.61,US,overcast clouds
358,Brae,60.3964,-1.353,35.51,69,99,29.39,GB,overcast clouds
359,Meadville,41.6414,-80.1515,41.23,74,97,4.0,US,overcast clouds
360,Severnyy-Kospashskiy,59.0925,57.8008,36.61,100,100,7.81,RU,overcast clouds
361,Sabang,5.8933,95.3214,81.68,76,36,12.5,ID,scattered clouds
362,Tongchuan,35.0806,109.0897,36.34,41,44,7.45,CN,scattered clouds
363,Ishim,56.1128,69.4902,33.3,79,100,15.35,RU,overcast clouds
364,Port Macquarie,-31.4333,152.9167,66.16,100,90,6.91,AU,overcast clouds
365,Minas Novas,-17.2186,-42.5903,81.07,72,76,5.95,BR,broken clouds
366,Kieta,-6.2167,155.6333,79.81,80,96,1.03,PG,overcast clouds
367,Vestmanna,62.1564,-7.1664,31.12,69,75,25.32,FO,light snow
368,Maykor,59.0059,55.88,32.59,99,100,5.7,RU,snow
369,Noumea,-22.2763,166.4572,81.0,99,42,10.47,NC,scattered clouds
370,Keskin,39.6731,33.6136,35.08,55,84,10.69,TR,broken clouds
371,Sturgeon Bay,44.8342,-87.377,39.09,86,100,19.48,US,overcast clouds
372,Gimli,50.6336,-96.9907,33.44,93,100,12.66,CA,light snow
373,Copiapo,-27.3667,-70.3333,62.29,25,0,10.36,CL,clear sky
374,Saint George,37.1041,-113.5841,61.36,23,0,2.28,US,clear sky
375,Bad Hofgastein,47.1667,13.1,37.62,92,62,7.87,AT,broken clouds
376,Machiques,10.0644,-72.545,89.74,50,99,10.38,VE,overcast clouds
377,Aksu,41.1231,80.2644,28.4,40,0,3.56,CN,clear sky
378,Komsomolskiy,40.4272,71.7189,42.22,69,0,6.91,UZ,haze
379,Labuhan,-6.8844,112.2051,78.35,85,100,4.09,ID,overcast clouds
380,Nilanga,18.1,76.7667,72.0,55,95,9.64,IN,overcast clouds
381,Dingle,10.9995,122.6711,75.52,92,100,5.91,PH,overcast clouds
382,Saint-Paul,-21.0096,55.2707,77.11,73,13,0.87,RE,few clouds
383,Aquin,18.2833,-73.4,83.79,65,20,1.16,HT,few clouds
384,Ullapool,57.8987,-5.1604,39.34,81,77,13.02,GB,broken clouds
385,Mola Di Bari,41.0609,17.0873,53.91,69,2,14.36,IT,clear sky
386,Caravelas,-17.7125,-39.2481,79.88,87,83,8.61,BR,broken clouds
387,Laje,-10.1833,-40.9667,90.54,37,100,4.94,BR,overcast clouds
388,Korla,41.7597,86.1469,24.49,70,0,3.38,CN,clear sky
389,Suslovo,56.2167,88.1167,20.97,81,100,11.7,RU,overcast clouds
390,Tecoanapa,16.5167,-98.75,85.12,58,40,3.47,MX,scattered clouds
391,Asasa,7.1,39.2,56.91,53,61,1.41,ET,broken clouds
392,Opunake,-39.4556,173.8583,60.62,86,100,3.65,NZ,overcast clouds
393,Hukuntsi,-24.0,21.75,85.01,29,85,15.43,BW,overcast clouds
394,Tessalit,20.1986,1.0114,84.92,10,97,8.88,ML,overcast clouds
395,Roma,43.2128,-75.4557,41.43,75,100,5.01,US,overcast clouds
396,Sasebo,33.1592,129.7228,41.04,65,16,6.85,JP,few clouds
397,The Valley,18.217,-63.0578,86.83,74,40,13.8,AI,scattered clouds
398,Pangai,-19.8,-174.35,78.03,76,36,17.85,TO,light rain
399,Tahe,52.3333,124.7333,7.43,95,100,1.88,CN,light snow
400,Luwuk,-0.9516,122.7875,78.66,81,100,2.48,ID,light rain
401,Gejiu,23.306,103.1635,39.97,91,100,3.27,CN,overcast clouds
402,Birao,10.2849,22.7882,83.53,21,24,6.11,CF,few clouds
403,Longhua,23.6137,114.1919,45.19,49,92,3.4,CN,overcast clouds
404,Porangatu,-13.4408,-49.1486,84.63,68,96,5.1,BR,moderate rain
405,Xiongyue,40.1774,122.1228,33.76,61,1,10.07,CN,clear sky
406,Urucui,-7.2294,-44.5561,96.57,36,100,4.79,BR,overcast clouds
407,Kuching,1.55,110.3333,75.42,94,20,2.3,MY,few clouds
408,Cururupu,-1.8283,-44.8683,91.4,47,80,8.12,BR,broken clouds
409,Manta,-0.95,-80.7333,76.78,83,90,10.36,EC,overcast clouds
410,Kamenka,51.3223,42.7678,29.75,70,48,10.89,RU,scattered clouds
411,Bima,-8.4667,118.7167,76.15,94,100,0.51,ID,light rain
412,Eyl,7.9803,49.8164,78.03,54,33,20.42,SO,scattered clouds
413,Bangalore,12.9762,77.6033,67.64,94,20,5.75,IN,few clouds
414,Umarga,17.8333,76.6167,71.55,75,83,7.72,IN,broken clouds
415,Perbaungan,3.5679,98.956,80.71,90,22,3.96,ID,few clouds
416,Cozumel,20.5083,-86.9458,78.94,88,19,8.99,MX,few clouds
417,Petrovsk,52.3064,45.3917,30.94,75,64,11.95,RU,broken clouds
418,Bonthe,7.5264,-12.505,82.36,73,59,6.98,SL,light rain
419,Praia,14.9215,-23.5087,79.34,57,75,20.71,CV,broken clouds
420,Narsaq,60.9167,-46.05,34.54,95,97,30.67,GL,light rain
421,Jiexiu,37.0244,111.9125,33.33,27,0,7.16,CN,clear sky
422,Lyuban,52.7985,28.0048,23.4,94,34,6.33,BY,scattered clouds
423,Cadillac,44.2519,-85.4012,34.16,86,90,8.05,US,overcast clouds
424,El Tarra,8.5756,-73.0949,87.06,57,98,4.41,CO,overcast clouds
425,Ahipara,-35.1667,173.1667,60.58,92,100,3.29,NZ,overcast clouds
426,Tazmalt,36.3868,4.3989,53.51,67,1,5.61,DZ,clear sky
427,Niksar,40.5917,36.9517,43.86,69,36,4.23,TR,light rain
428,Tual,-5.6667,132.75,81.66,79,100,8.63,ID,heavy intensity rain
429,Cayenne,4.9333,-52.3333,86.04,82,75,3.0,GF,broken clouds
430,Vila Velha,-20.3297,-40.2925,80.55,87,75,3.44,BR,broken clouds
431,Cockburn Town,21.4612,-71.1419,79.75,74,4,13.33,TC,clear sky
432,Kenai,60.5544,-151.2583,20.14,87,100,6.53,US,overcast clouds
433,Limanowa,49.7059,20.422,41.5,92,96,6.06,PL,overcast clouds
434,Strezhevoy,60.7333,77.5889,30.18,95,100,8.99,RU,overcast clouds
435,Ekhabi,53.5102,142.9671,26.94,94,100,46.26,RU,snow
436,Turan,16.0678,108.2208,67.98,88,75,3.44,VN,broken clouds
437,Port Hedland,-20.3167,118.5667,82.45,78,3,11.5,AU,clear sky
438,Sinnamary,5.3833,-52.95,79.45,88,99,12.68,GF,overcast clouds
439,Mutoko,-17.397,32.2268,77.95,23,1,7.27,ZW,clear sky
440,North Bend,43.4065,-124.2243,54.07,78,93,5.1,US,overcast clouds
441,Cherskiy,68.75,161.3,-21.75,98,100,5.12,RU,overcast clouds
442,Lagoa,39.05,-27.9833,63.55,82,49,13.98,PT,scattered clouds
443,Akyab,20.15,92.9,74.3,73,7,5.01,MM,clear sky
444,Finnsnes,69.2296,17.9811,30.16,82,100,4.41,NO,overcast clouds
445,San Cristobal,7.7669,-72.225,86.09,40,87,3.02,VE,overcast clouds
446,Ambilobe,-13.2,49.05,78.93,66,34,2.42,MG,scattered clouds
447,Saint-Georges,12.0564,-61.7485,82.94,77,100,17.2,GD,overcast clouds
448,Bure,10.7,37.0667,64.8,48,93,3.78,ET,overcast clouds
449,Kawalu,-7.3817,108.2082,71.71,95,99,1.61,ID,overcast clouds
450,Meiganga,6.5167,14.3,79.27,29,86,6.31,CM,overcast clouds
451,Kysyl-Syr,63.8986,122.7617,-20.36,99,97,5.55,RU,overcast clouds
452,Maxixe,-23.8597,35.3472,73.6,83,0,8.59,MZ,clear sky
453,Pisco,-13.7,-76.2167,69.03,73,0,9.22,PE,clear sky
454,Aykhal,66.0,111.5,-11.81,98,100,2.8,RU,overcast clouds
455,Kajaani,64.2273,27.7285,12.25,85,20,9.22,FI,light snow
456,Charters Towers,-20.1,146.2667,77.22,77,3,7.02,AU,clear sky
457,Tubuala,9.5167,-79.0333,79.34,85,100,5.48,PA,overcast clouds
458,Manggar,-2.8833,108.2667,80.6,78,46,0.92,ID,scattered clouds
459,Visavadar,21.3833,70.6833,68.04,88,100,17.09,IN,overcast clouds
460,Broome,42.2506,-75.833,41.7,60,100,4.0,US,overcast clouds
461,Zyryanka,65.75,150.85,-33.3,98,30,7.29,RU,scattered clouds
462,Adrar,20.5022,-10.0711,79.83,9,96,8.93,MR,overcast clouds
463,Sao Domingos,-13.3983,-46.3183,79.12,71,95,3.78,BR,overcast clouds
464,Jaque,7.5175,-78.1703,80.51,82,64,5.12,PA,moderate rain
465,Berdigestyakh,62.0989,126.6992,-13.56,96,96,6.42,RU,overcast clouds
466,Esperance,-33.8667,121.9,59.61,78,43,7.85,AU,scattered clouds
467,Cerknica,45.7931,14.3625,44.46,88,100,8.99,SI,overcast clouds
468,Tagab,34.855,69.6492,49.03,25,0,3.94,AF,clear sky
469,Oistins,13.0667,-59.5333,82.44,74,85,21.43,BB,overcast clouds
470,Salisbury,51.0693,-1.7957,45.97,79,20,12.66,GB,few clouds
471,Hay River,60.8156,-115.7999,5.22,95,100,5.23,CA,light snow
472,Liaocheng,36.4439,115.9647,34.79,64,0,7.58,CN,clear sky
473,Oranjemund,-28.55,16.4333,64.6,74,0,16.33,NA,clear sky
474,Mali,12.079,-12.2982,79.41,19,6,3.51,GN,clear sky
475,Jiujiang,29.7333,115.9833,45.3,42,1,5.37,CN,clear sky
476,Markova,48.6758,24.4138,31.59,74,91,4.09,UA,overcast clouds
477,Sao Jose Da Coroa Grande,-8.8978,-35.1478,84.88,57,89,11.77,BR,overcast clouds
478,Kabare,-2.4683,28.8242,61.99,94,83,0.76,CD,moderate rain
479,Panama City,8.9936,-79.5197,81.05,87,75,3.44,PA,broken clouds
480,Luangwa,-15.6167,30.4167,86.14,30,1,4.25,ZM,clear sky
481,Poum,-20.2333,164.0167,80.64,79,6,10.74,NC,clear sky
482,Sobolevo,54.4299,31.8996,21.83,93,99,10.04,RU,overcast clouds
483,Ishigaki,24.3448,124.1572,66.42,69,100,26.08,JP,overcast clouds
484,Bay Roberts,47.5999,-53.2648,43.43,70,82,10.0,CA,broken clouds
485,Daru,-9.0763,143.2092,81.05,86,100,7.14,PG,moderate rain
486,Zeerust,-25.5369,26.0751,74.98,47,76,10.22,ZA,broken clouds
487,Andenes,69.3143,16.1194,31.98,64,20,29.93,NO,few clouds
488,Kinsale,51.7075,-8.5306,43.97,75,20,18.41,IE,few clouds
489,Lampazos De Naranjo,27.0167,-100.5167,73.0,50,100,2.35,MX,overcast clouds
490,Pasinler,39.9803,41.6764,29.39,90,99,4.92,TR,overcast clouds
491,Vostok,46.4856,135.8833,-2.27,96,100,8.86,RU,light snow
492,Taicheng,38.731,113.228,25.11,36,0,4.85,CN,clear sky
493,Puerto Escondido,15.85,-97.0667,85.39,50,64,5.14,MX,broken clouds
494,Aketi,2.7388,23.7833,74.53,84,99,2.64,CD,overcast clouds
495,Shimoda,34.6667,138.95,43.11,64,2,30.8,JP,clear sky
496,Pacific Grove,36.6177,-121.9166,69.31,48,0,1.01,US,clear sky
497,Panzhihua,26.5851,101.7128,50.38,87,59,1.83,CN,broken clouds
498,Shangrao,28.4532,117.9686,41.34,66,0,1.9,CN,clear sky
499,Lubango,-14.9172,13.4925,65.43,77,97,5.57,AO,light rain
500,Olafsvik,64.8945,-23.7142,30.33,67,100,13.4,IS,overcast clouds
501,Clyde River,70.4692,-68.5914,2.55,93,100,14.43,CA,light snow
502,Vestmannaeyjar,63.4427,-20.2734,32.99,74,0,6.91,IS,clear sky
503,Itupiranga,-5.1347,-49.3267,90.55,53,92,4.85,BR,overcast clouds
504,Vanimo,-2.6741,141.3028,77.43,88,97,2.57,PG,overcast clouds
505,Lorengau,-2.0226,147.2712,81.16,74,100,2.57,PG,overcast clouds
506,Nuevo Progreso,23.1667,-97.95,78.48,74,100,1.01,MX,overcast clouds
507,Mackenzie,55.2999,-123.1698,21.0,95,58,2.68,CA,broken clouds
508,Gualeguay,-33.1416,-59.3097,78.21,38,79,4.45,AR,broken clouds
509,Foz,43.5692,-7.2544,53.42,87,62,8.88,ES,broken clouds
510,Cabadiangan,9.7531,122.4739,77.05,91,100,7.2,PH,overcast clouds
511,Dongying,37.4564,118.4856,35.17,49,0,6.67,CN,clear sky
512,Wesselsbron,-27.8549,26.3658,82.67,26,7,11.3,ZA,clear sky
513,Opuwo,-18.0607,13.84,83.66,17,98,20.67,NA,overcast clouds
514,Talnakh,69.4865,88.3972,-20.78,97,95,7.16,RU,overcast clouds
515,Payakumbuh,-0.2202,100.6308,68.88,93,19,3.69,ID,few clouds
516,Pouembout,-21.1333,164.9,77.16,88,6,4.7,NC,clear sky
517,Bara,10.3744,10.7288,86.09,20,34,8.88,NG,scattered clouds
518,Anchorage,61.2181,-149.9003,23.31,92,90,4.61,US,mist
519,Taoudenni,22.6783,-3.9836,78.24,10,96,12.08,ML,overcast clouds
520,Sibenik,43.7272,15.9058,55.06,56,65,10.0,HR,broken clouds
521,Iquique,-20.2208,-70.1431,69.22,65,55,7.2,CL,broken clouds
522,Grindavik,63.8424,-22.4338,28.87,74,90,6.91,IS,overcast clouds
523,Pontianak,-0.0333,109.3333,76.98,88,75,4.61,ID,light rain
524,Ranong,9.9658,98.6348,77.99,88,100,9.24,TH,overcast clouds
525,Tabuk,17.4189,121.4443,68.13,90,99,8.34,PH,overcast clouds
526,Alyangula,-13.8483,136.4192,83.71,74,79,3.94,AU,broken clouds
527,Atar,20.5169,-13.0499,86.0,11,65,9.66,MR,broken clouds
528,Port Hardy,50.6996,-127.4199,50.76,100,90,4.61,CA,moderate rain
529,Mantua,45.1667,10.7833,47.82,77,95,5.01,IT,overcast clouds
530,Beringovskiy,63.05,179.3167,26.01,95,100,23.67,RU,snow
531,Kushima,31.4583,131.2333,41.58,78,2,7.9,JP,clear sky
532,Buraydah,26.326,43.975,68.45,15,22,5.93,SA,few clouds
533,Inhambane,-23.865,35.3833,76.98,78,40,6.91,MZ,scattered clouds
534,Goderich,43.7501,-81.7165,41.92,81,100,10.36,CA,overcast clouds
535,Ban Chang,12.7254,101.0553,81.43,64,20,4.61,TH,few clouds
536,Los Llanos De Aridane,28.6585,-17.9182,63.12,73,40,8.99,ES,volcanic ash
537,Adre,13.4667,22.2,77.81,19,1,9.8,TD,clear sky
538,Villarrica,-25.75,-56.4333,90.27,27,0,3.29,PY,clear sky
539,Kloulklubed,7.0419,134.2556,83.08,77,100,10.0,PW,heavy intensity rain
540,Ybycui,-26.0167,-57.05,88.27,29,0,4.72,PY,clear sky
541,Qostanay,53.1667,63.5833,36.09,77,100,21.83,KZ,overcast clouds
542,Kodinsk,58.6881,99.1844,5.16,92,91,2.57,RU,overcast clouds
543,Tilichiki,60.4667,166.1,3.36,89,67,6.44,RU,broken clouds
544,Ostroh,50.3294,26.5143,30.13,89,88,5.84,UA,overcast clouds
545,Quatre Cocos,-20.2078,57.7625,77.11,76,46,12.39,MU,light rain
546,Stornoway,58.2093,-6.3865,40.96,71,75,5.01,GB,broken clouds
547,Zaykovo,57.5613,62.7568,36.28,84,100,14.92,RU,overcast clouds
548,Paratinga,-12.6906,-43.1842,87.17,54,94,2.33,BR,overcast clouds
549,North Platte,41.1239,-100.7654,52.99,40,84,4.0,US,broken clouds
550,Cantaura,9.3057,-64.3584,84.72,59,85,13.35,VE,overcast clouds
